<root>
<msg-list>
	<msg>Purchase  with card  966796******9696 on 11.11.2018 14:34, amount 45.99usd.</msg>
	<msg>Withdrawal  with card  8237******258971 on 11.12.2018 09:56, amount 10.00eur.</msg>
	<msg>Purchase  with card  966796******9696 on 11.11.2018 14:34, amount 45.99usd.</msg>
	<msg>Purchase  with card  966796******9696 on 11.11.2018 14:34, amount 45.99usd.</msg>
	<msg>Withdrawal  with card  8237******258971 on 11.12.2018 09:56, amount 10.00eur.</msg>
	<msg>Withdrawal  with card  8237******258971 on 11.12.2018 09:56, amount 10.00eur.</msg>
	<msg>Purchase  with card  966796******9696 on 11.11.2018 14:34, amount 45.99usd.</msg>
	<msg>Purchase  with card  966796******9696 on 11.11.2018 14:34, amount 45.99usd.</msg>
	<msg>Withdrawal  with card  8237******258971 on 11.12.2018 09:56, amount 10.00eur.</msg>
</msg-list>
<totals> cnt="9" sum="269.95" date = "2022.03.04 15:03:13/"</totals>
</root>